keys,zh_CN,en
COMMISSION_HINT,方向键选择 · E 交付 · Esc 离开,Arrows to select · E to deliver · Esc to close
COMMISSION_TITLE,委托板,Request Board
DATE_FORMAT,第 {year} 年 {season} {day} 日,Year {year} {season} {day}
GAME_SUBTITLE,一个用 Godot 4 搭建的农场生活模拟原型,A farming-life prototype built with Godot 4
GAME_TITLE,牧场物语 · 复刻,Open Farm
HUD_FORECAST,明日 {weather},Tomorrow: {weather}
HUD_MONEY,{value}G,{value}G
HUD_STAMINA,体力,Stamina
HUD_TIME,{time},{time}
HUD_TOOL,手持,Equipped
INVENTORY_EMPTY,（空）,（empty）
INVENTORY_HINT,按 Tab 或 Esc 关闭,Press Tab or Esc to close
INVENTORY_TITLE,背包,Inventory
LOCALE_NAME_EN,English,English
LOCALE_NAME_ZH_CN,中文,中文
MENU_LOAD,读取进度,Load
MENU_MUSIC,音乐,Music
MENU_PAUSED,游戏已暂停,Paused
MENU_QUIT,退出,Quit
MENU_RESUME,继续游戏,Resume
MENU_SAVE,保存进度,Save
MENU_SFX,音效,Sound
MENU_TITLE,回到标题,Back to Title
MUSEUM_CAT_ALL,全部,All
MUSEUM_CAT_CROP,作物,Crops
MUSEUM_CAT_FOOD,食物,Food
MUSEUM_CAT_MATERIAL,素材,Materials
MUSEUM_CAT_SEED,种子,Seeds
MUSEUM_HINT,方向键选择 · A / D 换分类 · Esc 离开,Arrows to select · A / D switch list · Esc to close
MUSEUM_PROGRESS,已收集 {found} / {total},Collected {found} / {total}
MUSEUM_TITLE,博物馆图鉴,Museum Collection
MUSEUM_UNKNOWN,???,???
NOTIFY_AFFECTION_GAIN,{npc} 好感 +{amount},{npc} affection +{amount}
NOTIFY_ALREADY_GIFTED,今天已经给{npc}送过礼物了,Already gave {npc} a gift today
NOTIFY_ANIMALS_CONTENT,牲畜们今天都吃饱了,Everyone has eaten today
NOTIFY_ANIMAL_ALREADY_PETTED,{animal}今天很开心,{animal} is happy today
NOTIFY_ANIMAL_FED,喂饱了 {count} 只牲畜,Fed {count} animals
NOTIFY_ANIMAL_PETTED,摸了摸{animal} 好感 +{amount},Petted {animal} +{amount} affection
NOTIFY_ANIMAL_PLACED,把{animal}安置进{building},{animal} moved into the {building}
NOTIFY_ANIMAL_PRODUCT,收到了 {item} ×{count},Collected {item} x{count}
NOTIFY_AUTO_SAVED,已自动保存,Auto-saved
NOTIFY_CANNOT_TILL,这里不能翻地,Cannot till here
NOTIFY_CHILD_BORN,你们有了一个孩子！,A child is born to your family!
NOTIFY_COMMISSION_ALREADY,这个委托今天已经完成了,This request is already done today
NOTIFY_COMMISSION_DELIVERED,完成委托 {title}，获得 {reward}G,Finished {title} for {reward}G
NOTIFY_COMMISSION_INCOMPLETE,道具数量不够,Not enough items
NOTIFY_CONFESSED,你和{npc}开始交往了！,You are now dating {npc}!
NOTIFY_CROP_DIED,作物枯死了,A crop withered
NOTIFY_CROP_HARVESTED,收获了 {item} ×{count},Harvested {item} x{count}
NOTIFY_FESTIVAL_ALREADY,今年已经参加过{festival}了,Already joined the {festival} this year
NOTIFY_FESTIVAL_ATTENDED,参加了{festival}，大家的好感 +{amount},Joined the {festival}! Everyone +{amount} affection
NOTIFY_FESTIVAL_TODAY,今天是{festival}！,Today is the {festival}!
NOTIFY_FISH_BITE,咬钩了！按住空格收线，别让鱼跑掉,It is biting! Hold Space to reel it in
NOTIFY_FISH_CANCELLED,收竿了,Reeled in
NOTIFY_FISH_CAUGHT,钓到了 {item}（{size} 厘米）,Caught {item} ({size} cm)
NOTIFY_FISH_ESCAPED,线绷断了，鱼跑掉了……,The line snapped and the fish got away...
NOTIFY_FLORA_BLOCKED,这里长着东西，得先清理,Something is growing here
NOTIFY_FLORA_CLEARED,采到了 {item} ×{count},Gathered {item} x{count}
NOTIFY_GIFT_DISLIKED,{npc} 好像不太喜欢{item}……好感 {amount},{npc} does not like the {item}... {amount} affection
NOTIFY_GIFT_LIKED,{npc} 收下了{item}，好感 +{amount},{npc} likes the {item}. +{amount} affection
NOTIFY_GIFT_LOVED,{npc} 特别喜欢{item}！好感 +{amount},{npc} loves the {item}! +{amount} affection
NOTIFY_GIFT_NEUTRAL,{npc} 收下了{item}，好感 +{amount},{npc} accepts the {item}. +{amount} affection
NOTIFY_INVENTORY_FULL,背包满了,Inventory full
NOTIFY_LOADED,已读取存档 {slot},Loaded slot {slot}
NOTIFY_LOAD_FAILED,读档失败,Loading failed
NOTIFY_MARRIED,你和{npc}结婚了！,You married {npc}!
NOTIFY_NOTHING_HAPPENED,什么也没发生,Nothing happened
NOTIFY_NOTHING_TO_SHIP,没有可以出货的东西,Nothing to ship
NOTIFY_NOT_ENOUGH_MONEY,钱不够,Not enough money
NOTIFY_NO_FEED,没有饲料了,No feed left
NOTIFY_NO_GIFT,背包里没有可送的东西,Nothing to give
NOTIFY_NO_GIFT_TARGET,面前没有人可以送礼物,No one nearby to gift
NOTIFY_OUT_OF_SEASON,这个季节种不了,Out of season
NOTIFY_OUT_OF_STOCK,库存不足,Out of stock
NOTIFY_PEN_STATUS,{building} 入住 {count}/{capacity},{building} {count}/{capacity}
NOTIFY_PLANTED,种下了 {item},Planted {item}
NOTIFY_SAVED,已保存到存档 {slot},Saved to slot {slot}
NOTIFY_SAVE_FAILED,保存失败,Saving failed
NOTIFY_SHIPPED,出货 {count} 件，收入 {total}G,Shipped {count} items for {total}G
NOTIFY_SLEEPING,睡觉了……,Sleeping...
NOTIFY_STAMINA_DEPLETED,体力耗尽了……,You are out of stamina...
NOTIFY_TILE_TILLED,翻好了土,Soil tilled
NOTIFY_TILE_WATERED,浇好了水,Watered
PROMPT_ANIMAL_PEN,按 E 放入牲畜,Press E to place livestock
PROMPT_BED,按 E 睡觉,Press E to sleep
PROMPT_COMMISSION,按 E 查看委托,Press E for requests
PROMPT_ENTER,按 E 进入,Press E to enter
PROMPT_FEED_TROUGH,按 E 喂食,Press E to feed
PROMPT_FESTIVAL,按 E 参加祭典,Press E to join the festival
PROMPT_INTERACT,按 E 交互,Press E to interact
PROMPT_MUSEUM,按 E 查看图鉴,Press E for the museum
PROMPT_SHIPPING_BIN,按 E 出货,Press E to ship
PROMPT_SHOP,按 E 进入商店,Press E to shop
PROMPT_TALK,按 E 交谈,Press E to talk
REL_TIER_ACQUAINTANCE,认识,Acquaintance
REL_TIER_CLOSE,亲近,Close
REL_TIER_FRIEND,朋友,Friend
REL_TIER_LOVER,恋人,Beloved
REL_TIER_STRANGER,陌生,Stranger
SEASON_FALL,秋,Fall
SEASON_SPRING,春,Spring
SEASON_SUMMER,夏,Summer
SEASON_WINTER,冬,Winter
SHOP_UI_BUY,购买,Buy
SHOP_UI_CLOSE,离开,Leave
SHOP_UI_HINT,WASD 或方向键选择 · A / D 换列表 · E 确认 · Esc 离开,WASD or arrows to select · A / D switch list · E to confirm · Esc to leave
SHOP_UI_OWNED,持有 {value},Owned {value}
SHOP_UI_PRICE,单价 {value}G,{value}G each
SHOP_UI_SELL,卖出,Sell
SHOP_UI_STOCK,库存 {value},Stock {value}
SHOP_UI_TITLE,商店,Shop
SHOP_UI_UNLIMITED,充足,Plenty
TITLE_CONTINUE,继续游戏,Continue
TITLE_FOOTER,像素美术与像素字体均由脚本生成,Pixel art and font are generated by scripts
TITLE_HINT,方向键选择 · Enter 确认,Arrows to select · Enter to confirm
TITLE_LANGUAGE,语言,Language
TITLE_NEW_GAME,开始新游戏,New Game
TITLE_QUIT,退出游戏,Quit Game
TITLE_SAVE_EMPTY,暂无存档,No save data
TITLE_SAVE_HINT,Enter 读取 · Delete 删除 · Esc 返回,Enter load · Delete remove · Esc back
TITLE_SAVE_LABEL,存档 {slot},Slot {slot}
TITLE_SAVE_TITLE,选择存档,Select Save
UI_FISHING_CATCH,钓到了 {item}（{size} 厘米）,Caught {item} ({size} cm)
UI_FISHING_CHARGE,蓄力,Charge
UI_FISHING_PROGRESS,上钩,Catch
UI_FISHING_TENSION,张力,Tension
WEATHER_CLOUDY,阴,Cloudy
WEATHER_RAINY,雨,Rainy
WEATHER_SNOWY,雪,Snowy
WEATHER_STORMY,暴风雨,Stormy
WEATHER_SUNNY,晴,Sunny
